
<Library xmlns:xsi="http://www.w3.org/2001/XMLSchema-instance" 
xsi:schemaLocation="https://cs3103.cs.unb.ca/gsingh10/a3/Library.xsd">
<Book>
<Title>Marketting</Title>
<Author>Frederick G. Crane</Author>
<Edition>10</Edition>
<Discipline>Business</Discipline>
<Publisher>McGraw-Hill Education</Publisher>
<SellerContact>
<Name>Alex Williams</Name>
<Email>awilliams@mcgill.com</Email>
</SellerContact>
<image src="https://ebookon.com/wp-content/uploads/2020/07/Marketing-10th-Edition-Test-Bank.jpg"/>
</Book>
<Book>
<Title>How to be Like Gursimar</Title>
<Author>Gursimar Singh</Author>
<Edition>1</Edition>
<Discipline>Be Great</Discipline>
<Publisher>Awesomeness Publishing</Publisher>
<SellerContact>
<Email>singh@unb.ca</Email>
</SellerContact>
<image src="https://static.onecms.io/wp-content/uploads/sites/20/2021/12/10/books-1-1500.jpg"/>
</Book>
</Library>


